{"cameraMode":{"drawMode":0,"name":"Shaded","section":"Shading Mode"},"sceneLighting":false,"audioPlay":false,"sceneViewState":{"m_AlwaysRefresh":false,"showFog":true,"showSkybox":false,"showFlares":true,"showImageEffects":true,"showParticleSystems":true,"showVisualEffectGraphs":true,"m_FxEnabled":true},"in2DMode":false,"pivot":{"x":-313.7894592285156,"y":70.60075378417969,"z":6.968324184417725},"rotation":{"x":-0.0004815054126083851,"y":-0.7031190395355225,"z":-0.0003506751381792128,"w":0.7111345529556274},"size":2.461318254470825,"orthographic":true}