{"cameraMode":{"drawMode":0,"name":"Shaded","section":"Shading Mode"},"sceneLighting":false,"audioPlay":false,"sceneViewState":{"m_AlwaysRefresh":false,"showFog":true,"showSkybox":false,"showFlares":true,"showImageEffects":true,"showParticleSystems":true,"showVisualEffectGraphs":true,"m_FxEnabled":true},"in2DMode":false,"pivot":{"x":-314.3224792480469,"y":70.79631042480469,"z":14.107381820678711},"rotation":{"x":0.0012916907435283065,"y":0.7050228714942932,"z":0.0012577675515785814,"w":-0.7092798948287964},"size":0.997222363948822,"orthographic":true}